Type,Name,Request Count,Failure Count,Median Response Time,Average Response Time,Min Response Time,Max Response Time,Average Content Size,Requests/s,Failures/s,50%,66%,75%,80%,90%,95%,98%,99%,99.9%,99.99%,100%
GET,/orders,892,0,190.0,203.48504910313915,68.76000000000104,681.6830999999866,90697.63004484306,2.97564573816283,0.0,190,220,250,260,310,370,440,500,680,680,680
POST,/orders/create,903,0,76,89.97302823920307,63.284199999998236,387.8107000000455,208.0,3.012340921032551,0.0,76,81,84,95,140,190,210,230,390,390,390
,Aggregated,1795,0,120.0,146.38123025069666,63.284199999998236,681.6830999999866,45175.54874651811,5.987986659195381,0.0,120,170,190,210,260,310,390,440,610,680,680
